Elzbieta,Aamodt
Teiji,Aamodt
Gonzalo,Adachi
Kyoichi,Aingworth
Martina,Aingworth
Nigel,Aingworth
Idoia,Akaboshi
Rosalyn,Akaboshi
Shawna,Akazan
Terresa,Akiyama
Vitaly,Akiyama
Basem,Akiyama
Tsutomu,Alameldin
Shrikanth,Alameldin
Phuoc,Albarhamtoshy
Yucai,Albarhamtoshy
Shimshon,Albarhamtoshy
Jouni,Alblas
Mandell,Alencar
Houman,Alencar
Ekawit,Alpay
Kamakshi,Alpay
Shawna,Alpay
Genevieve,Alpay
Magdalena,Ambroszkiewicz
Arco,Anandan
Nobuyoshi,Ananiadou
Ute,Androutsos
Masako,Androutsos
Jasminko,Androutsos
Shigenori,Angel
Kazuyasu,Angelopoulos
Alenka,Angelopoulos
Lenore,Angelopoulos
Eberhardt,Angelov
Radhakrishnan,Angelov
Valdiodio,Angelov
Jinya,Angelov
Froduald,Angelov
Takushi,Anger
Jaana,Angot
Zhongwei,Angot
Lunjin,Anick
Dinah,Anick
Weicheng,Anick
Neven,Anido
Toney,Anido
Hisao,Anily
Goncalo,Anily
Shuji,Anily
Amabile,Apsitis
Arto,Apsitis
Bezalel,Argence
Boguslaw,Ariola
Paris,Ariola
Stevo,Ariola
Seongbin,Ariola
Mats,Arlazarov
Rajmohan,Armand
Shem,Armand
Kazuhiko,Armand
Arif,Aseltine
Aimee,Aseltine
Pranav,Ashish
Aran,Ashish
Adam,Asrin
Arfst,Asrin
Guadalupe,Assaf
Mansur,Atchley
Arno,Atchley
Vesna,Atrawala
Naraig,Aumann
Dzung,Auria
Leni,Avouris
Yuqun,Awdeh
Macha,Awdeh
Remko,Awdeh
Akemi,Axelband
Pranav,Axelband
Mani,Azulay
Mori,Azulay
Shimshon,Azuma
Radhia,Azumi
Leandro,Baaleh
Sariel,Baaleh
Sushant,Baalen
Elvia,Baalen
Leaf,Baar
Gererd,Baar
Seongbae,Baaz
Foong,Baaz
Arno,Baba
Sariel,Babb
Zhenbing,Babb
Guadalupe,Babb
Shahid,Babu
Dmitry,Baby
Mircea,Baby
Wayne,Baby
Vojin,Baby
Christ,Baca
Mihalis,Baca
Willard,Baca
Tamiya,Baca
Eberhardt,Backhouse
Debaprosad,Badr
Ronnie,Badr
Jiann,Bael
Hercules,Baer
Guttorm,Baer
Jingling,Baez
Juyoung,Baez
Akeel,Baez
Sigeru,Baez
Anneli,Baezner
Faiza,Bahi
Kersti,Bahi
Hongzhu,Bahi
Zhongwei,Bahr
Kenton,Bahr
Xiaopeng,Bahr
Huei,Baig
Christoper,Baig
Chaitali,Baik
Yishai,Baik
Xiaobin,Bail
Chenye,Baja
Bingning,Baja
Hidekazu,Bala
Uta,Bale
Sanjoy,Ballarin
Zongyan,Bamford
Chiranjit,Bamford
Lucien,Bamford
Xudong,Bamford
Gunilla,Bamford
Masaru,Baranowski
Shiv,Barbanera
Vesna,Barbanera
Kyoichi,Barbanera
Nalini,Bardell
Xuejia,Barinka
Mari,Barinka
Luisa,Barinka
Eishiro,Barreiro
Toshimi,Barreiro
Trygve,Barreiro
Ziya,Barriga
Akeno,Barriga
Gina,Barriga
Khalid,Basawa
Demin,Basawa
Bowen,Bashian
Christ,Bashian
Denis,Bashian
Marko,Bashian
Zeljko,Bashian
Reinhard,Bauknecht
Boriana,Bazelow
Krisda,Bazelow
Mizuhito,Bazzichi
Geraldo,Bednarek
Paloma,Bednarek
Filipe,Bednarek
Gurbir,Beerel
Takahiro,Beerel
Jaber,Beerel
Dannz,Beerel
Serge,Beeson
Nobuyoshi,Beeson
Zito,Beetstra
Kristen,Begiun
Kerhong,Begiun
Seongbae,Beilner
Kristin,Beilner
Sigeru,Beilner
Arfst,Belinskaya
Filipe,Bellmore
Weidon,Bellone
Aran,Benaini
Fumitake,Benaini
Jeanne,Benner
Nirmal,Benner
Baruch,Benner
Toshimori,Benveniste
Basim,Benzmuller
Doowon,Benzmuller
Leni,Benzmuller
Prodip,Benzmuller
Uta,Berendt
Maik,Berendt
Shiv,Bernardeschi
Surveyors,Bernardinello
Aamod,Bernatsky
Huai,Bernatsky
Gen,Bernatsky
Khaled,Bernick
Renee,Bernick
Basil,Bernick
Sven,Bernini
Udo,Bernini
Persi,Berstel
Ibibia,Beutelspacher
Ymte,Beutelspacher
Chaoyi,Beznosov
Make,Beznosov
Gaurav,Beznosov
Arra,Bharadwaj
Steen,Bhattacharjee
Vasilii,Billawala
Nalini,Billawala
Rance,Billingsley
Nigel,Birch
Shin,Birdsall
Xiping,Birdsall
Aria,Birjandi
Huiqun,Birke
Xiahua,Birke
Emdad,Birnbaum
Keiichiro,Birnbaum
Kazuhiro,Birnbaum
Gou,Birnbaum
Niranjan,Biron
IEEE,Biron
Irene,Biros
Qunsheng,Biros
Lokesh,Birsak
Ghassan,Birta
Muneo,Bisiani
Hisao,Blokdijk
Nakhoon,Blokdijk
Kerhong,Blokdijk
Branimir,Bodoff
Hercules,Bodoff
Niranjan,Bodoff
Sachem,Boguraev
Waiman,Boguraev
Shahid,Boissier
Takahito,Bolotov
Alejandra,Bolotov
Tomokazu,Bondorf
Lenore,Bondorf
Cedric,Bonifati
Aloys,Bonifati
Richard,Borovoy
Flemming,Borovoy
Berna,Borovoy
Roselyn,Borovoy
Jinpo,Borstler
Szabolcs,Borstler
Debatosh,Botman
Youjian,Bottner
Kokou,Bottner
Nidapan,Boudaillier
Dante,Boudaillier
Horward,Boudaillier
Christoph,Bouloucos
Samphel,Bouloucos
Arnd,Bouloucos
Thodoros,Boyle
Berto,Brandsma
Mountaz,Bratten
Kazunori,Bratten
Kasturi,Brattka
Cheong,Braunmuhl
Ulf,Braunmuhl
Jungsoon,Brendel
Arup,Brendel
Heping,Brender
Remmert,Brender
Shrikanth,Bressoud
Dipankar,Breugel
Adil,Brickell
Aran,Bridgland
Freyja,Brizzi
Cedric,Brlek
Stein,Broder
Radhia,Brookman
Luigi,Brookner
Lihong,Brookner
Kerryn,Brookner
Zhilian,Brookner
Fumiyo,Bruckman
Leucio,Buchter
Ramya,Buchter
Ayonca,Budinsky
Ekawit,Budinsky
Tomofumi,Budinsky
Breannda,Buescher
Heping,Buescher
Mara,Bugrara
Sanjiv,Bugrara
Yakichi,Bugrara
Toshimori,Bugrara
Mountaz,Bultermann
Sadun,Bultermann
Shigeaki,Bultermann
Leif,Busillo
Karoline,Busillo
Mizuhito,Busillo
Elliott,Businaro
Nikolaus,Businaro
Yuriy,Businaro
Chinhyun,Butner
Hiroyasu,Byoun
Zhanqiu,Byoun
Angus,Byoun
Douadi,Cairo
Angel,Cairo
Nathalie,Cairo
Kersti,Calkin
Neelam,Calkin
Janalee,Callaway
Weijing,Camarinopoulos
Diederik,Camurati
Shai,Cangellaris
Van,Cannane
Chenye,Cannard
Naftaly,Cannata
Bikash,Cannata
Boaz,Cannata
Valdiodio,Capobianchi
Masami,Cappelli
Zhenbing,Cappello
DeForest,Cappello
Ferdinand,Cappello
Sadegh,Cappello
Marla,Carrera
Mona,Carrere
Nobuyoshi,Carrere
Tonia,Casley
Ulf,Chachaty
Conal,Champarnaud
Rosine,Champarnaud
Susanna,Chaudhury
Gregory,Chenney
Weijing,Chenoweth
Miquel,Chepyzhov
Rance,Chepyzhov
Goncalo,Cherinka
Jolita,Cheshire
Basant,Cheshire
Faiza,Cheshire
Matt,Chimia
Gen,Chimia
Oddvar,Chimia
Aloke,Chinal
KayLiang,Chinen
Rance,Chinin
Jouko,Chinin
Yahiko,Chinin
JiYoung,Chinin
Shigehiro,Chiodo
Brewster,Chiodo
Qingxiang,Chiola
Beshir,Chiola
Youjian,Chiola
Danel,Chleq
Marsal,Chleq
Lubomir,Chleq
Chaitali,Chorvat
Candido,Christ
Martijn,Christ
Ortrun,Christianini
Honesty,Chvatal
Renee,Cichocki
Rimli,Cincotta
Dulce,Cincotta
Fumino,Ciolek
Udi,Ciolek
Billur,Claffy
Stella,Claffy
Werner,Clemencon
Jouni,Clemencon
Salvador,Clemencon
Phuoc,Clouatre
Arif,Clouatre
Chinhyun,Clouatre
Hyuncheol,Cochrane
Sachem,Cochrane
Golgen,Codenie
Irena,Codenie
Mitchel,Codenie
Makato,Codenie
Yinlin,Collavizza
Jianwen,Colorni
Adamantios,Colorni
Marin,Compeau
Deniz,Comyn
Shan,Comyn
Kwangsub,Conde
Mohua,Condotta
Chrisa,Condotta
Filipe,Condotta
Houman,Condotta
Baziley,Constantine
Gopalakrishnan,Conta
Sachin,Conte
Guttorm,Conti
Flemming,Cooke
Seshu,Cooke
Radhakrishnan,Cooley
Gro,Cooley
Along,Cools
Maya,Cools
Charlene,Cooman
Moheb,Cooman
Hideo,Cooman
Shmuel,Coombs
Masako,Coombs
Tesuya,Coombs
Mountaz,Copas
Shao,Copas
Shim,Copas
Xiong,Copas
Kiyokazu,Copas
Woody,Copas
Ayonca,Couchot
Abdulah,Covnot
Guozhong,Covnot
Ramzi,Crabtree
Sarita,Crelier
Xiaoqiang,Cromarty
Marsha,Cromarty
Paraskevi,Cromarty
Taisook,Cronan
Yishay,Cronan
Youjian,Cronau
Chenye,Cronin
Roded,Crouzet
Owen,Crouzet
Sorina,Crouzet
Kazunori,Cummings
Murthy,Cunliffe
Weiye,Cunliffe
Goetz,Curless
Tayeb,Curless
Faiza,Curless
Florina,Curless
Neven,Cyne
Hatim,Czaja
Gro,Czap
Abdelaziz,Czap
Marit,Czap
Takahira,Daescu
Uriel,Daescu
Tiina,Daescu
Jayesh,Dahlbom
Arch,Dalphin
Vugranam,Dalphin
Kazuhira,Danecki
Urs,Danley
Lakshmi,Danlos
Nathalie,dAstous
Debatosh,Dayana
Matk,Debuse
Oguz,Decaestecker
Herbert,Decaestecker
Mostafa,Dechter
Nevio,Dechter
Mary,Decleir
Hatsukazu,Decleir
Zhensheng,Dehkordi
Genki,Delaune
Jovan,Delgrande
King,Demeyer
Vivian,Demian
Krassimir,Demizu
Shaleah,DeMori
Pranay,DeMori
Martine,Demos
Florina,Demri
Elvis,Demri
Terresa,Demri
Anyuan,Dengi
Shigeaki,Denis
Malu,Denis
King,Denna
Shugo,Denna
Vatsa,Denny
Weiyi,Denny
Amstein,Denny
Sanjeeva,Denos
Hercules,Denti
Krister,Denti
Shao,Desikan
Kousuke,Desikan
Oddvar,Desikan
Paris,Detkin
Magy,Detkin
Naftali,Deville
Rosalie,Deville
Ottavia,Deville
Masali,Dichev
Lucian,Dichev
Jayesh,Diderrich
Zine,Diderrich
Golgen,Diderrich
Toney,Diderrich
Ortrud,Diderrich
Youjian,Diderrich
Breannda,DiGiano
Zdislav,DiGiano
Shaunak,DiGiano
Giordano,Docker
Limsoon,Doering
Saeed,Doering
Qiwen,Dolinsky
Yongdong,Dolinsky
Shugo,Domenig
Zine,Douceur
Akhilish,Dratva
Almudena,Dratva
Manton,Dratva
Mingzeng,Dratva
Alain,Dratva
Mostafa,Dredge
Fabrizio,DuBourdieux
Jeanne,DuCasse
Aiichiro,Ducloy
Chenye,Ducloy
Hongzhu,Dulin
Amalendu,Dulin
Cullen,Dulli
Goh,Dulli
Kauko,Dusink
Ohad,Eastman
Junsik,Eastman
Gay,Ebeling
Kien,Ecklund
Nikolaus,Edelhoff
Angel,Edelhoff
Lucien,Egerstedt
Chenye,Eickenmeyer
Keung,Eickenmeyer
Basem,Eickenmeyer
Francoise,Einsfeld
Sham,Einsfeld
Shahab,Eiron
Chriss,Eiter
Adhemar,Eiter
Shugo,Eiter
Ayakannu,Eldridge
Aloys,Eldridge
Zhigen,Emden
Zdislav,Emiris
Sastry,Emiris
Kannan,Emiris
Ingemar,Emmart
Pantung,Emmart
Shimshon,Emmerich
Zhongwei,Emmerich
Avishai,Encarnacion
Krassimir,Encarnacion
Shan,Encarnacion
Khosrow,Engberts
Giao,Engberts
Nathan,Engelmann
Jackson,England
Denis,Erbe
Tsvetan,Erbe
Stamatina,Erde
Yongmao,Erdi
Kazuhiro,Erdi
Chenxi,Erdmenger
Shaz,Erdmenger
George,Erdmenger
Eirik,Erdmenger
Gil,Erev
Nikolaus,Erez
Manohar,Erez
Golgen,Erez
Bernt,Erie
Aamer,Ermel
Maia,Erni
Horward,Erni
Maik,Ernst
Muzhong,Erol
Fabrizio,Erol
Dhritiman,Erol
Baziley,Erol
Tokuyasu,Ertl
Poorav,Esposito
Manibrata,Eterovic
Ulises,Facello
Gao,Fairtlough
Cristinel,Fairtlough
Chaitali,Fairtlough
Urs,Fairtlough
Shigehito,Falby
Patricio,Falby
Iara,Falby
Mahendra,Falck
Tooru,Falco
Marsja,Falster
Takanari,Famili
Boaz,Fandrianto
Divier,Farrag
Lene,Farrag
Nectarios,Farrag
Parviz,Farrar
Vojin,Farrar
Chiranjit,Farrow
Gennadi,Fasbender
Trygve,Feinberg
Maia,Feinberg
Josyula,Felcyn
Adit,Felcyn
Hidde,Felder
Murthy,Felder
Shuji,Felder
Mabo,Felder
Shih,Feldhoffer
Aleksandar,Feldhoffer
Sangeeta,Feldmann
Boalin,Feldmann
Sreekrishna,Fendler
Yefim,Ferretti
Shin,Ferretti
Filipp,Fetvedt
Adas,Fetvedt
Reinhard,Fetvedt
Palash,Fiebach
Uzi,Fioravanti
Shay,Fiutem
Yinlin,Flowers
Supot,Flowers
Hirochika,Flowers
Yuichiro,Flowers
Gro,Flowers
Debatosh,Flowers
Zhiwei,Fontan
Munehiko,Fontan
Zengping,Fontet
Weiru,Fontet
Kristine,Foong
Yishai,Foote
Moss,Foote
Anyuan,Fordan
Heng,Fortenbacher
Vincent,Fraisse
Denis,Fraisse
Tran,Francisci
Taisook,Francisci
Mayuri,Francisci
Kotesh,Fritzsche
Yuguang,Fritzsche
Stepehn,Fritzsche
Mikhail,Frolund
Kersti,Fujisaki
Kasidit,Fujisawa
Girolamo,Fujisawa
Nectarios,Fujisawa
Mitchel,Furedi
Felicidad,Furudate
Van,Furudate
Shuichi,Furudate
Boriana,Gajiwala
Kaijung,Gargeya
Takahira,Gargeya
Fox,Gargeya
Moto,Garigliano
Dinah,Garigliano
Poornachandra,Garigliano
Sadok,Garnham
Aleksander,Garnham
Fun,Garnier
Huai,Garnier
IEEE,Garrabrants
Aloys,Gecseg
Adamantios,Gecsei
Arie,Gecsei
Vasilis,Gecsei
Armond,Geffroy
Masaki,Gelosh
Shen,Genin
Uriel,Gente
Jianwen,Gente
Akeno,Gente
Clyde,Georgakopoulos
Randy,Georgatos
Indrajit,Gerlach
Luise,Gerlach
Samphel,Gerlach
Basant,Gerteisen
Jeanna,Ghalwash
Gritta,Ghandeharizadeh
Mohammad,Ghandeharizadeh
Zine,Ghazalie
Gadiel,Ghelli
Luisa,Ghelli
Eckart,Ghemri
Dines,Giaccio
Alper,Giaccio
Jacqueline,Gide
Tomofumi,Gide
Xinyu,Gide
Thodoros,Gien
Yifei,Gien
Jaques,Gien
Armond,Gihr
Naftaly,Gihr
Kristian,Gihr
Katsuo,Gilg
Yannik,Gilg
Sailaja,Gill
Genevieve,Gill
Niranjan,Gils
Shmuel,Gils
Sachio,Gils
Boutros,Gimarc
Itzchak,Gimbel
Florian,Gimbel
Shem,Ginesta
Mohamadou,Gini
Jayson,Ginneken
Godehard,Gips
Theirry,Gischer
Dhritiman,Giveon
Gunilla,Gladwell
Hironoby,Glinert
Mary,Glinert
Yonghong,Glowinski
Ennio,Glowinski
Subhash,Gniady
Barry,Godskesen
Ziva,Goldhammer
Fabrizio,Goldhammer
Moie,Goldhammer
Kamran,Gomatam
Jayesh,Gomatam
Martins,Gonthier
Xiaoqiu,Gonthier
Masadi,Goodrum
Taiji,Goodrum
Hatem,Goodrum
Vasilii,Grabner
Suebskul,Grandbois
Anestis,Granlund
Shigehiro,Granlund
Conor,Griswold
Charmane,Griswold
Dipayan,Gruenwald
Satoru,Gruenwald
Huei,Gruenwald
Goa,Guardalben
Eberhardt,Guardalben
Luisa,Gubsky
Eberhardt,Gubsky
Claudi,Gubsky
Ranan,Guenter
Sukumar,Guerreiro
Sarita,Gulak
Junsik,Gulik
Zhanqiu,Gulik
Tristan,Gulik
Kwan,Gulik
Ramalingam,Gunderson
Hyuncheol,Gunderson
Peternela,Gurbaxani
Subbu,Gurbaxani
Kazuhito,Gurbaxani
Rasiah,Gurbaxani
Muzhong,Gustavson
Mototsugu,Gustavson
Vincent,Guting
Arumugam,Guting
Radhika,Gyimothy
Make,Gyorkos
Kendra,Haddadi
Seongbae,Haddadi
Yuguang,Hagimont
Renee,Hainaut
Giap,Haldar
Xiaoheng,Halevi
Siamak,Hambrick
Billie,Hambrick
Vasilis,Hambrick
Nalini,Hambrick
Genta,Hammerschmidt
Vidya,Hanabata
Yakkov,Haraldson
Takahito,Hardjono
Chaosheng,Harllee
Jiakeng,Harllee
Alselm,Harnett
Martien,Hartvigsen
Xuedong,Hartvigsen
Shuzo,Hasenauer
Mihalis,Hasham
Marke,Hasham
Uli,Hatcliff
Jongsuk,Hatcliff
Weicheng,Hatcliff
Alper,Hebden
Zdislav,Hedayat
Genki,Heemskerk
Sampalli,Heemskerk
Masato,Heering
Masasuke,Heering
Laurentiu,Heering
Reuven,Heijenga
Masaru,Heinisuo
Yuping,Heiserman
Eldridge,Heiserman
Godehard,Heiserman
Mitchel,Hellwagner
Laurentiu,Hellwagner
Uzi,Henders
Girolamo,Henders
Jeanne,Henders
Eishiro,Hennebert
Mayumi,Hennings
Paloma,Heping
Kensei,Heping
Goetz,Herath
Bikash,Herath
Martine,Herber
Sorina,Herber
Zeljko,Herbst
Sreekrishna,Hertweck
Shrikanth,Hettesheimer
Tadahiro,Hettesheimer
Jinya,Heusch
Adhemar,Heusch
Tomofumi,Heuser
Yongmao,Heuser
Oguz,Heydon
Basant,Heydon
Kaijung,Heydon
Youpyo,Heydon
Martine,Heydon
Masako,Heystek
Yongmao,Hiltgen
Roddy,Himler
Nechama,Himler
Emdad,Himler
Hongzue,Himler
Serenella,Hiraishi
Richard,Hiroyama
Ibibia,Hiroyama
Joydip,Hitomi
Sven,Hitomi
Weicheng,Hitomi
Hirochika,Hiyoshi
Hugo,Hmelo
Masami,Hockney
Bader,Hockney
Udaiprakash,Hofman
True,Hofman
Hatim,Hofman
Shuky,Hofman
Adas,Hofmeyr
Barry,Hofstetter
Sigeru,Hofstetter
Khosrow,Hofting
Arlette,Homond
Sushant,Honiden
Claudi,Honiden
Vasilis,Honiden
Ymte,Hoogerwoord
Elrique,Hooghiemstra
Erzsebet,Hooghiemstra
Shem,Hooghiemstra
Bingning,Hopewell
Aral,Hoppenstand
Lidong,Horswill
Shigehito,Huhdanpaa
Goo,Huhdanpaa
Krister,Huttel
Xudong,Huttel
Mountaz,Huttel
Naftali,Huttel
Gadiel,Hutter
Gill,Hutter
Theron,Huxford
Katsuo,Huxford
Jackson,Huxford
Khedija,Iacovou
Ingmar,Iacovou
Naraig,Iacovou
Jovan,Iacovou
Kristine,Iacovou
Teunis,Iacovou
Gro,Iacovou
Taiji,Iacovou
Shao,Ibel
Malu,Ibel
Panayotis,Ibel
Akeel,Ibel
Mechthild,Ibel
Constantino,Ibel
Eben,Iisaku
Candida,Iisaku
Yinlin,Iivonen
Suvo,Iivonen
Angel,Iivonen
Bodo,Iivonen
Domenico,Imataki
Mang,Imataki
Saddek,Imataki
Ottavia,Impagliazzo
Badri,Impagliazzo
Piyush,Impagliazzo
Gad,Impagliazzo
Valdiodio,Irland
Ingmar,Irland
Tristan,Isaac
Kamran,Isaak
Bokyung,Isard
Ingmar,Isard
Jouko,Isard
Brigham,Isard
Krister,Isard
Jianhua,Ishibashi
Chuanti,Ishibashi
Trygve,Itschner
Satyanarayana,Itschner
Shaz,Itschner
Theron,Itschner
Tsutomu,Itzfeldt
Matk,Itzfeldt
Clyde,Itzfeldt
Ute,Itzfeldt
Shuky,Itzigehl
Sashi,Itzigehl
Maik,Jahnichen
Licheng,Janetzko
Cheong,Janetzko
Guozhong,Janetzko
Mahendra,Janetzko
Mansur,Janocha
Xinan,Janocha
Breannda,Janocha
Zongyan,Jansen
Shem,Jayawardene
Zongyan,Jayawardene
Bikash,Jayawardene
Sergi,Jenevein
Renee,Jenevein
Guangming,Jenevein
Zsolt,Jervis
Shiv,Jiafu
Masaru,Jiang
Huiqun,Jiang
Chikako,Jiang
Alejandra,Jiang
Mark,Jonsson
Matt,Jording
Youssef,Jording
Pranav,Joslin
Shigeaki,Joslin
Vishv,Joslin
Carrsten,Jullig
Maria,Jullig
Shaw,Juneja
Georgy,Junet
Doohun,Junet
Boaz,Junet
Ibibia,Junet
Sastry,Junet
Mohamadou,Junot
Arnd,Junot
Niteen,Kadhim
Alassane,Kadhim
Marsal,Kading
Jolita,Kading
Weiru,Kaelbling
Basil,Kaelbling
Toong,Kaelbling
Ymte,Kaelbling
Yucel,Kaiser
Serap,Kaiser
Shawna,Kakkad
Maja,Kakkad
Sumant,Kakkar
Keiichiro,Kalefeld
Ishfaq,Kalloufi
Takushi,Kalloufi
Navid,Kalorkoti
Adas,Kalorkoti
Frazer,Kalorkoti
Tru,Kalorkoti
Alain,Kalsbeek
Snehasis,Kalsbeek
Hongzhu,Kalsbeek
Reinhard,Kaltofen
Mokhtar,Kaltofen
Moriyoshi,Kamber
Subhada,Kambil
Arra,Kambil
Lansing,Kambil
Tamiya,Kambil
Mariusz,Kamble
Bezalel,Kamble
Yinlin,Kamble
Adin,Kaminger
Zhenhua,Kampfer
Angel,Kampfer
Maja,Kampfer
Shiv,Karcich
Magdalena,Katalagarianos
Tran,Katalagarianos
Emdad,Katzenelson
Alois,Kavanagh
Aleksander,Kavraki
Garnet,Kavraki
Alexius,Kavraki
Sastry,Kavraki
Waiman,Kavraki
Chanjung,Kavvadias
Moheb,Kavvadias
Arto,Kawashimo
Jaihie,Keirsey
Goo,Keirsey
Jahangir,Kemmerer
Adit,Kemmerer
Kristinn,Kemmerer
Munenori,Kenevan
Brewster,Keohane
JiYoung,Keohane
Badri,Keohane
Eben,Kermarrec
Pintsang,Keustermans
Geoffry,Khalid
Gor,Khalid
Moheb,Khalid
Shigeichiro,Khalid
Becky,Khalil
George,Khalil
Angus,Khalil
Shuho,Khamsi
Freyja,Khamsi
Youpyo,Khasidashvili
Ioana,Khasidashvili
Dinah,Khasidashvili
Aris,Khasidashvili
Michaela,Khasidashvili
Sadok,Kilgore
Georgy,Kilgour
Jungsoon,Kinley
Tadahiro,Kisuki
Adam,Kisuki
Manton,Kitai
Geoffry,Kitai
Chikara,Kitsuregawa
Naftaly,Klassen
Akeel,Kleiser
Valery,Klerer
Lucian,Klerer
Chinhyun,Klyachko
Werner,Knightly
Chirstian,Kobara
Leszek,Koblick
Laurentiu,Koblitz
Gilbert,Koblitz
Abdelwaheb,Koblitz
Heather,Koblitz
Keiichiro,Kobuchi
Yuqun,Kobuchi
Hidefumi,Kobuchi
KayLiang,Kolinko
Piyawadee,Kolinko
Aiman,Kolinko
Yuping,Kolvik
Licheng,Koprowski
Rosli,Kornatzky
Constantine,Kornatzky
Aimee,Kornatzky
Huan,Koshiba
Lenore,Kossowski
Sanjeeva,Kowalchuk
Syozo,Koyama
Yurii,Kragelund
Huiqun,Kranzdorf
Torsten,Krichel
Golgen,Krichel
Radoslaw,Krichel
Qiwen,Kriebel
Abdulah,Kroft
Nevio,Kroft
Shaowen,Krogh
Reinhard,Krohn
Dante,Krone
Mohit,Kroon
Danil,Kroon
Renee,Kropp
Alenka,Kropp
Zengping,Kruskal
Suzette,Kruskal
Gad,Kruskal
Phule,Krzyzanowski
Guttorm,Kugler
Adel,Kuhnemann
Zhiwei,Kuhnemann
Toong,Kuhnemann
Karlis,Kulisch
Moriyoshi,Kumaresan
Arno,Kumaresan
Pradeep,Kumaresan
Gay,Kumaresan
Kauko,Kusakabe
Karoline,Kusalik
Pradeep,Kushnir
Owen,Kushnir
Shih,Kuszyk
Toshimori,Kuszyk
Xuejia,Kuzuoka
Candida,Kuzuoka
Nobuyoshi,Kuzuoka
Dante,Kuzuoka
Abdulla,Lagarias
Tsuneo,Lagarias
Yunming,Lakshmanan
Panayotis,Lamba
Kersti,Lambe
Niranjan,Lamma
Nalini,Lamma
Sandeepan,Lammel
Arvind,Lammel
Masadi,Lammel
Jianhui,Lammel
Miyeon,Lammel
Khoa,Lamparter
Shigeu,Langford
Mayumi,Langford
Mariusz,Langford
Annemarie,Langford
Phillip,Langford
Gopalakrishnan,Lanphier
Lorien,Lanteri
Yannis,Lanzelotte
Matk,Larfeldt
Michaela,Larfeldt
Nikolaos,Laventhal
Matt,Leaver
Shuichi,Leijenhorst
Bokyung,Leivant
Ronghao,Lemarechal
Hitofumi,Lenart
Vidya,Leppanen
Masako,Leppanen
Anneke,Leslie
Sergi,Leslie
Weicheng,Leslie
Lorien,Leslie
Zhongwei,Leuchs
Apostol,Leuchs
Tse,Leuchs
Gad,Levasseur
Premal,Levergood
Gad,Lichtman
Khatoun,Lichtman
Masanao,Lichtner
Manibrata,Lieberherr
Shan,Lieblein
Shirish,Lieblein
Willard,Liedekerke
Sudhanshu,Liesche
Chirstian,Ligten
Fai,Ligten
Krisda,Ligten
Mary,Linares
Odoardo,Lindenbaum
Mizuhito,Lindenbaum
Nevio,Lindqvist
Goh,Linnainmaa
Harngdar,Lipner
Thodoros,Lipner
Xiahua,Litvinov
Marjo,Litvinov
Baziley,Litvinov
Mizuhito,Litvinov
Akemi,Litzkow
Aamod,Llado
Waiman,Lodder
Fox,Lodder
Frazer,Lodder
Piyawadee,Lodder
Maya,Loncour
Zongyan,Loncour
Sedat,Loncour
Rosella,Lorch
Honglan,Lorcy
Ennio,Lorcy
Amstein,Lores
Inderjeet,Lorho
Denny,Lorho
Yagil,Lorie
Arvin,Lorie
Ibibia,Lortz
Jouko,Lortz
Vincent,Lortz
Sadok,Lorys
Uta,Lowrie
Kamakshi,Lowrie
Kagan,Luan
Mechthild,Lubachevsky
Richard,Lubachevsky
Bedrich,Lubachevsky
Pranjal,Luca
Salvador,Luca
Murthy,Luca
Prodip,Luca
KayLiang,Luca
Doowon,Luce
Shin,Luck
Vasilii,Luck
Basem,Luck
Mona,Luck
Kousuke,Luck
Marsja,Luders
Sachin,Luders
Kristine,Luders
Sanjai,Luders
Yefim,Luef
Baziley,Luef
Zejun,Luef
Koichi,Lueh
Valeri,Luff
Bedrich,Luft
Vugranam,Luft
Yinghua,Luga
Feiyu,Luit
Yechiam,Luit
Yishai,Luiz
Oksana,Luiz
Shaowei,Luiz
Pragnesh,Lukaszewicz
Yannik,Lukaszewicz
Branimir,Luks
Heon,Lund
Martins,Lundstrom
Tooru,Lung
Lech,Lung
Kwangsub,Lunn
Zsolt,Lunn
Vatsa,Lunn
Bangqing,Lunt
Mansur,Lunt
Patricio,Luon
Duri,Luon
Bingning,Lupu
Gaurav,Lupu
Genta,Lyonns
Jessie,Macedo
Aksel,Maginnis
Marsal,Magliocco
Yurij,Mahmud
Kristinn,Mahmud
Mingzeng,Mahmud
Anneli,Mahmud
Gurbir,Mahnke
Jouni,Mahnke
Eberhardt,Maierhofer
Luerbio,Majewski
Chirstian,Majewski
Mart,Makrucki
Subhash,Maksimenko
Frederique,Malabarba
Vojin,Maliniak
Mechthild,Maliniak
Paddy,Maliniak
Percy,Maliniak
Toney,Maliniak
Samphel,Malinowski
Taiji,Malinowski
Zvonko,Mandell
Yannis,Mandell
Boriana,Manderick
Zhenhua,Manders
Chuanyi,Manders
Bogdan,Mapelli
Yinghua,Maraist
Sampalli,Maraist
Yuguang,Marakhovsky
Fay,Marciano
Odoardo,Markovitch
Joydip,Marrakchi
Abdelkader,Marrakchi
Tua,Marrakchi
Radoslaw,Marshall
Nirmal,Marsiglia
Valdiodio,Marwedel
Chirstian,Marwedel
Martial,Marwedel
Urs,Marwedel
Susanna,Marzano
Wanqing,Masada
Zvonko,Masaki
Aris,Masaki
Aleksandar,Masand
Huiqun,Massonet
Poorav,Mateescu
Cedric,Mateescu
Danae,Matheson
JoAnne,Matheson
Lijia,Matteis
Randi,Mattern
Krassimir,Matzat
Jouni,Matzat
Ingemar,Matzke
Lunjin,Matzov
Arto,Matzov
Takahiro,Matzov
Felicidad,Mawatari
Junichi,Mayerwieser
Baoqiu,Mayerwieser
Boguslaw,Mayerwieser
Demos,Mayerwieser
Zsolt,McAffer
Mohit,McAffer
Tetsushi,McAffer
JoAnne,McAlpine
Mori,McClurg
Remmert,McClurg
Waiman,McFarlan
Kousuke,McFarlin
Ung,McFarlin
Dharmaraja,Mellouli
Elvis,Melton
Mingsen,Melton
Nikolaus,Melton
Arunachalam,Melton
Monique,Menhardt
Parto,Menhardt
Utz,Menhardt
Feipei,Menhardt
Cathie,Menhoudj
Rildo,Menhoudj
Kayoko,Menyhert
Leaf,Menyhert
Hongzhu,Menyhert
Sachem,Merey
Lidong,Meriste
Shmuel,Meriste
Aris,Merkl
Berry,Merks
Ferdinand,Merks
Maik,Merle
Mayuri,Merlo
Slavian,Merro
Shih,Merro
Fumitaka,Merro
Saeed,Mersereau
Naraig,Mersereau
Shaowen,Miake
Abdulla,Miara
Maria,Michaels
Marsha,Michaels
Heng,Miculan
Sudharsan,Miculan
Danai,Middleton
Billie,Middleton
Vivian,Minakawa
Georgy,Mitchem
Seshu,Mitina
Gurbir,Mitina
Eishiro,Mitina
Brigham,Mitina
Seongbin,Mitsuhashi
Mona,Mitzlaff
Menkae,Mitzlaff
Goa,Miyakawa
Mohammed,Moehrke
Chikako,Moehrke
Yaghout,Moffat
Marsal,Molberg
Douadi,Molberg
Lihong,Molenaar
Zhongwei,Molenkamp
Jungsoon,Molenkamp
Nimmagadda,Monarch
Yongmao,Mondadori
Faiza,Mondadori
KayLiang,Mondadori
Nitsan,Monkewich
Alassane,Morrey
Dayanand,Morrey
Aria,Morrin
Zhongwei,Morris
Boguslaw,Morris
Munir,Morris
Jianhao,Morrow
Yunming,Muchinsky
Jiang,Muchinsky
Hiroyasu,Muhlberg
Vincent,Muhlberg
Gio,Muhling
Honesty,Mukaidono
Pasqua,Mukaidono
Guoxiang,Munch
Boriana,Mungall
Brewster,Mungall
Radhakrishnan,Mungall
Nobuyoshi,Mungall
Jenwei,Munke
Toong,Munoz
Hyuncheol,Munro
Zhanqiu,Muntz
Yongmao,Muntz
Anneli,Murillo
Arra,Murillo
Yaghout,Murrill
Girolamo,Murrill
Harjit,Murrill
Christ,Murtagh
Badri,Murtha
Aiichiro,Murtha
Lucien,Murtha
Shih,Nanard
Munehiro,Nannarelli
Hsiangchu,Narahara
Shawna,Narahara
Temple,Narahara
Randy,Narahari
Khalid,Narahari
Sigeru,Narlikar
Vishwani,Nastansky
Shaowei,Nations
Eckart,Nations
Sanjoy,Nations
Uinam,Nations
Toney,Naudin
Sumant,Naudin
Niteen,Naumovich
Aemilian,Negoita
Kensei,Negoita
Aris,Negoita
Fan,Neiman
Guozhong,Neiman
Kasturi,Neiman
Jaroslava,Neimat
Roddy,Neimat
Shimshon,Nergos
Shay,Nergos
Premsyl,Nergos
Danny,Nicolson
Muzhong,Niizuma
Ravishankar,Nilsson
Marsal,Nishimukai
Irena,Nitsch
Fumiyo,Nitsche
Chuanti,Nitsche
Masami,Nitta
Halsur,Nittel
Vidar,Nitto
Feipei,Nollmann
Yefim,Nollmann
Marek,Nooteboom
Subir,Noriega
Deniz,Noriega
Weiye,Norsworthy
Sachin,Nyanchama
Radhia,Nyanchama
Shen,Oaver
Kotesh,Oaver
Jianhao,Oberman
Nalini,Oehlmann
Jagoda,Ohori
Nobuyoshi,Olivero
Zine,Onuegbe
Piyawadee,Openshaw
Sham,Openshaw
Adhemar,Oppitz
Shridhar,Orlowska
Aimee,Orlowska
Shunichi,Orsini
Christfried,Orsini
Heeju,Osgood
Margareta,Osgood
Taiji,Oskamp
Xianlong,Oskamp
Angel,Ossenbruggen
Chriss,Ossenbruggen
Honglan,Otillio
Serenella,Oxenboll
Horward,Oxman
Zhenbing,Oxman
Rimon,Ozeki
Zhongwei,Ozeki
Alper,Ozeri
Hinrich,Ozeri
Chaosheng,Ozery
Nectarios,Paciorek
Denis,Paciorek
Wonhee,Pagter
Becky,Paludetto
Mats,Panangaden
Kasturi,Panienski
Susanta,Panwar
Junsik,Panwar
Shahid,Papadias
Kenton,Papadias
Aris,Pappas
Kerhong,Pappas
Steen,Pappas
Olivera,Papsdorf
Krisda,Papsdorf
Xuejun,Papsdorf
Jingling,Pardalos
Mostafa,Pardalos
Weiwu,Pardalos
Sreenivas,Parfitt
Tooru,Parfitt
Masako,Pargas
Kinh,Parhami
Deniz,Parhami
Chiradeep,Parhami
Xianlong,Pashtan
Noritoshi,Pashtan
Sakthirel,Pashtan
Giap,Pashtan
Pranay,Passino
Jiann,Pauthner
Marjo,Pauthner
Valdiodio,Pavlopoulou
Conrado,Pavlopoulou
Kristof,Pavlopoulou
Jiang,Peac
Slavian,Peac
Przemyslawa,Peak
Gilbert,Pearson
Shugo,Peck
Zorica,Peck
Wojceich,Peek
Arch,Peek
Chinhyun,Peek
Nathalie,Peek
Jeong,Peha
Shigehito,Peha
Mart,Peha
Parto,Pehl
Aron,Pehl
DAIDA,Pehl
Stella,Pelc
Shigenori,Pelc
Willard,Pelc
Howell,Pell
Teruyuki,Pellegrinelli
Aleksander,Pellegrinelli
Moty,Pellegrinelli
Nectarios,Peltason
Charmane,Peltason
Zhilian,Pelz
Ghassan,Pena
Bedrich,Penn
Lene,Penttonen
Sahrah,Penz
Ramachenga,Peot
Radhakrishnan,Peot
Zhigen,Pepe
Nathalie,Pepe
Heekeun,Pepe
Gian,Pepe
Vincent,Peral
Sumali,Percebois
Shalesh,Perelgut
Kazuhisa,Perelgut
Akeno,Perelgut
Mario,Perfilyeva
Bingning,Perin
Chaosheng,Perin
Menkae,Perin
Georg,Peris
Marjo,Perko
Marit,Perl
Shuichi,Perl
Akhilish,Perly
Danil,Perna
Djenana,Peron
Candido,Peroz
Marlo,Peroz
Fumiko,Perry
Stella,Perry
Jianhao,Perry
Gita,Pesch
Tokuyasu,Pesch
Yongmin,Petereit
Honglan,Petereit
Badri,Petereit
Jaideep,Peternell
Hitofumi,Petersohn
Anneli,Pettis
Nalini,Pettis
Satyanarayana,Pettis
Bangqing,Pettit
Byong,Pettit
Kazuhiro,Pews
Arvind,Pews
Eishiro,Pezzoli
Bezalel,Pezzoli
Claudi,Pezzoli
Radoslaw,Pfau
Qingxiang,Piancastelli
Aleksandar,Piazza
Kwangyoen,Picaronny
Duke,Picaronny
Mani,Picaronny
Achilleas,Picaronny
Adel,Picci
Jaber,Picci
Shounak,Picci
Toshimi,Picci
Toshimo,Picco
Navin,Picco
Guttorm,Picht
Pantung,Picht
Masaki,Picht
Hugo,Pietracaprina
Kwangho,Pietrzykowski
Kannan,Pileggi
Hilary,Pileggi
Mostafa,Pillow
Pradeep,Piveteau
Vidya,Piveteau
Ishfaq,Plavsic
Gou,Plessier
Sachio,Plesums
Haldun,Plotkin
Mori,Plumb
Sachio,Pocchiola
Kitty,Poehlman
Duangkaew,Pokrovskii
Hairong,Polajnar
Marsal,Pollacia
Serenella,Pollock
Christfried,Pollock
Satyanarayana,Pollock
Yaghout,Pollock
Khun,Ponthieu
Gila,Portugali
Breannda,Portugali
Lidong,Potthoff
Mamdouh,Poujol
Shigehito,Poujol
Golgen,Poujol
Abdelaziz,Poulakidas
Ingemar,Poupard
Shem,Poupard
Huan,Poupard
Constantijn,Pramanik
Deniz,Pramanik
Stafford,Pramanik
Gianluca,Prampolini
Ishfaq,Prenel
Qiwen,Prenel
Berni,Preusig
Ashish,Preusig
Cedric,Prochazka
Kristian,Prochazka
Bluma,Prochazka
Tetsushi,Prochazka
Shir,Provine
Yunming,Puppo
Mizuhito,Puppo
Kwangjo,Pusterhofer
Doohun,Pusterhofer
Pasqua,Qiwen
Demos,Quadeer
Premal,Quadeer
Heather,Quadeer
Oldrich,Quittner
Yonghoan,Quittner
Fox,Rabejac
Kazuhiko,Rabejac
Toshiki,Raczkowsky
Kerhong,Radivojevic
Luigi,Rahier
Reinhold,Rajala
Sanjeeva,Rajaraman
Fan,Rajaraman
Manu,Rajcani
Tuval,Ramaiah
Itzchak,Ramaiah
Subir,Ramaiah
Yuichiro,Ramaiah
Salvador,Ramalingam
Fay,Ramalingam
Reinhard,Ramamoorthy
Zhilian,Ramamoorthy
Yolla,Ramras
Jingling,Ramsak
Krisda,Ramsay
Chenye,Ramsey
Guenter,Ranai
Akemi,Ranai
Mitsuyuki,Ranai
Cheong,Ranai
Geoffrey,Randi
Fay,Rando
Suvo,Raney
Weiyi,Ranft
Yifei,Ranon
Kristian,Ranst
Nathan,Ranta
Xuedong,Ranta
Make,Ranum
Denis,Ranum
Xiping,Ranze
Munehiko,Ranze
Frazer,Ranze
Remco,Rassart
Owen,Ratzlaff
Tzu,Ratzlaff
Soenke,Ratzlaff
Kayoko,Ravishankar
Nikolaus,Redmiles
Izaskun,Redmiles
Aloke,Reeken
Toshimo,Reghbati
Shaowei,Rehfuss
Yucel,Reinhard
Goo,Reinhart
Moheb,Reinhart
Taizo,Reistad
Frazer,Remmele
DeForest,Remmele
Sverrir,Renear
Luigi,Renear
Miyeon,Ressouche
Gen,Restivo
Shigeaki,Rettelbach
Patricio,Reutenauer
Munenori,Riefers
Maja,Riefers
Kazuhisa,Rijsenbrij
Marsha,Rindone
Jixiang,Rindone
Sachem,Rindone
Gian,Rissanen
Gill,Rissanen
Prodip,Rissanen
Yishay,Rissland
Shounak,Rissland
Pramod,Rissland
Matt,Rissland
Florian,Rissland
Ottavia,Rissland
Hein,Rissland
Hailing,Ritzmann
Djenana,Roccetti
Zhongwei,Roccetti
Hatim,Rodham
Sastry,Rodier
Taegyun,Rodiger
Remco,Rodite
Danny,Rohrbach
Fen,Rohrbach
Emdad,Roison
Maha,Roison
Sangeeta,Rosar
Sasan,Rosaz
Bartek,Rosaz
Owen,Rosaz
Shunichi,Rosca
Serap,Rosca
Siddarth,Rosen
Boalin,Rosen
Abdelaziz,Rosenbaum
Toshimori,Rosenbaum
Saeed,Rosin
Hideo,Rosin
Cedric,Rossi
Shooichi,Rosti
Kristinn,Rotem
Adin,Rotem
Demin,Rotem
Oldrich,Rotem
Byong,Rothe
Sadegh,Rothe
Inderjeet,Rothenberg
Vincent,Rousseau
Maren,Rusmann
Xudong,Rusmann
Zhigen,Rusterholz
Denny,Ruther
Abdelghani,Sabnani
Masako,Sabnani
Dietrich,Sadowski
Shuzo,Sadowski
Katsuyuki,Sadowski
Izaskun,Sadowski
Kwangjo,Sadowsky
Yuqun,Salinas
True,Salverda
Doohun,Salvesen
Franziska,Salvesen
Anyuan,Samarati
Alejandro,Sambasivam
Sedat,Sanella
Charlene,Sankaranarayanan
Miomir,Sankaranarayanan
Kotesh,Saoudi
Marin,Savasere
Nalini,Scallan
Aleksander,Schaaf
Atilio,Schaaf
Bokyung,Schaar
Arup,Schaar
Chrisa,Schaar
Achilleas,Schach
Sadegh,Schade
Fumino,Schahn
Hatem,Schahn
Toshiko,Schapire
Jolita,Schapire
Zengping,Schapire
Khaled,Scharstein
Uri,Scharstein
Oscar,Schauser
Khaled,Schauser
Jianhua,Schicker
Patricio,Schicker
Leni,Schicker
Alair,Schieder
Khalid,Schiper
Munenori,Schiper
Yifei,Schiper
Abdulah,Schiper
Sariel,Schlegelmilch
Xinyu,Schlegelmilch
Lucien,Schlegelmilch
Sakthirel,Schlenzig
Toshiko,Schlenzig
Jiong,Schmezko
Aloke,Schmezko
Jackson,Schmezko
Kazuyasu,Schmiedel
Atreye,Schmiedel
Chandrasekaran,Schmiedel
Domenico,Schmittgen
Dante,Schmittgen
Chinho,Schneeberger
Lijie,Schnelling
Nevio,Schoegge
Danco,Schreiter
Macha,Schreiter
Suzette,Schreiter
Jayesh,Schrift
Suzette,Schrooten
Qingxiang,Schueller
Morrie,Schurmann
Ziya,Schurmann
Phillip,Schusler
Volkmar,Schusler
Rosalyn,Schusler
Sumali,Schusler
Chenyi,Schusler
Candido,Schusler
Unal,Schwabacher
Sudhanshu,Schwabacher
Constantijn,Schwabacher
Shih,Schwaller
Along,Schwartzbauer
Suvo,Schwartzburd
Xianlong,Seghrouchni
Hisao,Seghrouchni
Guenter,Segond
Mamdouh,Segond
Nidapan,Segond
Kamakshi,Selenyi
Aloys,Senzako
Guangming,Senzako
Feiyu,Serdy
Mana,Serot
Nevio,Serra
Kazuyasu,Serre
Billie,Sessa
Phuoc,Sessa
Heping,Sessa
Kristina,Sethi
Kwangsub,Setia
Yuichiro,Setia
Xudong,Setia
Marlo,Setia
Kolar,Setiz
Kinh,Setlzner
Jahangir,Setlzner
Kauko,Setlzner
Masaru,Seuren
Shmuel,Seuren
Guttorm,Sevcikova
Kerryn,Sevcikova
Sivanarayana,Sewelson
Gonzalo,Sewelson
Shim,Sewelson
Khosrow,Sgarro
Jinpo,Sgarro
Sachin,Shackel
Nahid,Shackell
Uta,Shackell
Jordanka,Shanbhogue
Laurentiu,Sherertz
Frederique,Sherertz
Girolamo,Sherertz
Jiang,Shigei
Subhrajyoti,Shigei
Mary,Shihab
Nahid,Shihab
Zhiwei,Shinomoto
Stamatina,Shiratori
Bikash,Shiratori
Richara,Shobatake
Hidde,Shobatake
Christoph,Shokrollahi
Rafols,Shokrollahi
Leon,Showalter
Muneo,Showalter
Sachem,Showalter
Prasadram,Showalter
Aiman,Shrader
Basem,Shumilov
Magy,Sichman
Stella,Sichman
Morrie,Sidhu
Somnath,Sidhu
Toshiko,Sidje
Eberhardt,Sidou
Minghong,Siegrist
Moty,Siepmann
Shounak,Siksek
Shigenori,Siksek
Heejo,Simkin
Youjian,Simmen
Amstein,Simmen
Mingsen,Sinicrope
Srinidhi,Sinicrope
Bernardo,Sinitsyn
Abdelghani,Sinitsyn
Christoph,Siochi
Leen,Siochi
Masaki,Siochi
Herb,Siprelle
Irena,Siprelle
Kauko,Skafidas
Qingxiang,Skogmar
Sanjoy,Slaats
Fumitaka,Slobodova
Shem,Smeets
Weidon,Snedden
Nimmagadda,Soicher
Hugh,Soicher
Uinam,Soicher
Ramachenga,Soicher
Munehiro,Solares
Sudharsan,Solares
Sajjan,Solares
Yuichiro,Sommen
Shen,Sommen
Sudhanshu,Sommer
Kensei,Speek
Wilmer,Speek
Aemilian,Speel
Marlo,Speel
Kankanahalli,Speel
Leszek,Speer
Aksel,Speer
Billie,Speer
Herb,Speer
Garnik,Spell
Shen,Spell
Jenwei,Spelt
Yongmin,Spelt
Arunachalam,Spieker
Premal,Spinelli
Xiping,Spinelli
Neven,Sridhar
Susanta,Staelin
Alexius,Stafford
Seongbin,Stafford
Etsuo,Stamatiou
Radhakrishnan,Stamatiou
Cathie,Standera
Gil,Standera
Mitsuyuki,Stanfel
Shaibal,Stanfel
Lidong,Stanger
Yishai,Stanger
Vishv,Stanger
Chuanti,Stanger
Guther,Stasinski
Muneo,Staudhammer
Lena,Stavenow
Tetsushi,Staylopatis
Mayuri,Staylopatis
Vugranam,Staylopatis
Rasiah,Steenbeek
Toshimitsu,Steinauer
Hairong,Stellhorn
Mong,Stemann
Angus,Stenning
Goa,Stenning
Yuping,Stentiford
Richard,Stifter
Aimee,Stifter
Tuval,Stifter
Ranan,Stiles
Yifei,Stiles
Terresa,Stiles
Jeanna,Strandh
Mokhtar,Straney
Mona,Straney
Shaowei,Stranks
Kien,Strehl
Mantis,Strooper
Moni,Stroustrup
Neven,Stroustrup
Martina,Stroustrup
Eldridge,Stroustrup
Tadanori,Sudbeck
Izaskun,Sudbeck
Waiman,Sudkamp
Bodo,Sudkamp
Shooichi,Sudkamp
Subir,Suessmith
Gad,Sundgren
Lubomir,Suomi
Sariel,Suomi
Parke,Suppi
Lokesh,Suppi
Arun,Suppi
Xinglin,Suri
Rosita,Sury
Shrikanth,Suwa
Dines,Swab
Geoff,Swan
Lunjin,Swick
Uzi,Swick
Zejun,Swick
Jinxi,Swift
Sham,Swift
Falguni,Swiler
Alper,Syang
Xiaocheng,Syang
Khun,Syrzycki
Aemilian,Syrzycki
Willard,Szemeredi
Mitsuyuki,Szilard
Avishai,Szmurlo
Chriss,Tagansky
Greger,Takanami
Gunilla,Takkinen
Radhia,Talmon
Anneli,Talmor
Vojin,Talmor
Eran,Talmor
Yefim,Taneja
Werner,Taneja
Gila,Taneja
Giao,Taneja
Lalit,Tanemo
Dung,Tanemo
Nadjib,Taubenfeld
Maria,Taubenfeld
Filipp,Taubenfeld
Florina,Tchuente
Abdelkader,Tchuente
Brigham,Teitelbaum
Aksel,Teitelbaum
Hitomi,Terkki
Shir,Terwilliger
Val,Terwilliger
Hironoby,Tetzlaff
Juichirou,Thambidurai
Chenxi,Thambidurai
Alagu,Thebaut
Uma,Thebaut
Gaetan,Thibadeau
Arch,Thimonier
Arto,Thimonier
Niteen,Thimonier
Patricio,Thimonier
Anoosh,Thiran
Jessie,Thiran
Guiseppe,Thisen
Maren,Thombley
Kokou,Thorelli
Geraldo,Thorelli
Aemilian,Thorensen
Hidde,Thummel
Aloys,Thummel
Lokesh,Tibblin
Steve,Tibblin
Felicidad,Tibblin
Basim,Tischendorf
Shirish,Tischendorf
Xiaoqiang,Tischendorf
Moriyoshi,Tischendorf
Krister,Tischendorf
Anneke,Tomescu
Chinho,Trachtenberg
Ewing,Trachtenberg
Emdad,Trachtenberg
Tzu,Tramer
Monique,Tramer
Mechthild,Trelles
Rosli,Trelles
Tze,Trelles
Sailaja,Trumbly
Mohan,Trumbly
Berthier,Trystram
Uzi,Trystram
Sukumar,Tsukuda
Niteen,Tsukuda
Unal,Tsunoo
Yagil,Turnbull
Paloma,Tyugu
Marlo,Tyugu
Shaunak,Tzvieli
Sanjoy,Tzvieli
Paddy,Uchoa
Kankanahalli,Uehara
Bedir,Uehara
Danel,Uehara
Kazuhide,Uehara
Youssef,Uhrig
Premal,Uhrik
Moon,Uhrik
Mohammad,Ullian
Reuven,Uludag
Maik,Undy
Yefim,Undy
Takanari,Unni
Oldrich,Unni
Moss,Usdin
Patricio,Usdin
Chaoyi,Ushiama
Mototsugu,Vakili
Apostol,Vakili
Adin,Valette
Ghassan,Valiente
Waiman,Valiente
Zito,Valiente
Shih,Valiente
Mori,Valiente
Jeong,Vanwelkenhuysen
Kazuhide,Vanwelkenhuysen
Dietrich,Vanwelkenhuysen
Lucian,Vanwelkenhuysen
Youssef,Varker
Nahid,Varker
Ebru,Varley
Kazuyasu,Vasanthakumar
Thodoros,Vasanthakumar
Munenori,Vasanthakumar
Fai,Vecchi
Piyawadee,Vecchio
Sudharsan,Veccia
Hidde,Veccia
Dines,Veeraraghavan
Udo,Velardi
Domenick,Velasco
Tuval,Veldwijk
Takahiro,Veldwijk
Youpyo,Veldwijk
Tesuya,Vendrig
Maha,Ventosa
Ulf,Ventosa
Christoph,Ventosa
Moriyoshi,Ventosa
Niteen,Ventosa
Youjian,Verhaegen
Florina,Verhoeff
Kamakshi,Verhoeff
Marsja,Vernadat
Mabo,Verspoor
Jiang,Vesel
Mayuko,Vesel
Bezalel,Vesna
Sailaja,Vickson
Inderjeet,Vickson
Shigeu,Vidal
Hyuckchul,Viele
Magy,Vieri
Filipp,Vieri
Vitali,Vieri
Ipke,Vieri
Miomir,Vigier
Angel,Vilarrasa
Randy,Vrecion
Eran,Vural
Sungwon,Vural
Piyawadee,Vural
Radhia,Vuskovic
Gil,Waeselynck
Yakichi,Waeselynck
Fai,Waleschkowski
Ekawit,Waleschkowski
Masoud,Wallrath
Jingling,Walston
Tamiya,Walston
Adil,Walstra
Ziyad,Walstra
Satosi,Warwick
Limsoon,Warwick
Adas,Warwick
Akemi,Warwick
Guther,Waschkowski
JoAnne,Waterhouse
Nechama,Waymire
Valdiodio,Weedman
Gay,Weedman
Brigham,Weedon
Conor,Wegerle
Hercules,Weiland
Hirochika,Weisert
Paloma,Weisert
Takahito,Weisert
Jingling,Weisert
Kankanahalli,Wendorf
Sukumar,Werthner
Lucian,Werthner
Shem,Whitcomb
Oldrich,Whitcomb
Xiahua,Whitcomb
Marsha,Wielonsky
Juichirou,Wilharm
Mihalis,Wilharm
Neelam,Wilharm
Georgi,Willoner
Marjo,Willoner
Kerryn,Willoner
Renee,Wissmann
Izaskun,Wissmann
Wanqing,Wissmann
Leen,Wixon
Sven,Wolniewicz
Sachio,Wolniewicz
Houman,Worfolk
Kousuke,Worfolk
Achilleas,Worfolk
Arch,Worfolk
Mary,Wossner
Saeed,Wossner
Pramod,Wrigley
Randi,Wroclawski
Saeko,Wuwongse
Ottavia,Wuwongse
Demin,Wynblatt
Vidya,Wynblatt
Yefim,Xiaoshan
Stella,Yamaashi
Garnik,Yavatkar
Rasiah,Yemenis
Abdulah,Yetim
Pintsang,Yetto
Marke,Yetto
Karoline,Yeung
Charlene,Yoshimura
Masasuke,Yurov
Fun,Zaccaria
Chriss,Zaccaria
Sampalli,Zaiane
Jaques,Zaiane
Shichao,Zaiane
Sven,Zallocco
Wayne,Zallocco
Martins,Zallocco
Doohun,Zallocco
Kellyn,Zastre
Bangqing,Zastre
Shakhar,Zedlitz
Bouchung,Zedlitz
Steen,Zeidenstein
Mara,Zeilberger
Chrisa,Zeleznik
Maria,Zhang
Maris,Zhang
Murthy,Zhiwei
Denny,Zhiwei
Somnath,Zielinski
Masoud,Zielinski
Arvind,Zirintsis
Manohar,Zirintsis
Alois,Zlotek
Shridhar,Zlotek
Christfried,Zockler
Hyuckchul,Zucker
Patricia,Zucker
Greger,Zumaque
Jingling,Zweizig
Kazuhisa,Zwicker
Hironobu,Zwicker
Hyuncheol,Zyda
Rosalyn,Zykh
Seongbae,Zykh
